{
  "1827 NE 42nd Ave": [
    45.5362762,
    -122.6200321
  ],
  "SW Barbur Blvd & SW Capitol Hill Rd": [
    null,
    null
  ],
  "751 NW Hoyt St": [
    45.527362,
    -122.6795774
  ],
  "N Russell St & N Williams Ave": [
    null,
    null
  ],
  "4317 NE Killingsworth St": [
    45.5628736,
    -122.6190255
  ],
  "7450 NE Glisan St": [
    45.5262385,
    -122.5864849
  ],
  "1115 SW 11th Ave": [
    45.5174662,
    -122.6849371
  ],
  "253 N Broadway": [
    45.5353648,
    -122.6689536
  ],
  "2615 S Water Ave": [
    45.5042473,
    -122.6769018
  ],
  "N Interstate Ave & N Kilpatrick St": [
    null,
    null
  ],
  "NE 148th Ave & NE Carey Blvd": [
    null,
    null
  ],
  "3000 SE Powell Blvd": [
    45.4964172,
    -122.634278
  ],
  "N Mississippi Ave (TBD)": [
    null,
    null
  ],
  "6220 SE 92nd Ave": [
    45.4779191,
    -122.5684992
  ],
  "N Garfield Ave (TBD)": [
    null,
    null
  ],
  "3325 N Michigan Ave": [
    45.5470664,
    -122.676751
  ],
  "SW Capitol Hill Rd (ex Greater Portland Bible Church)": [
    null,
    null
  ],
  "NE Killingsworth St & NE Rodney Ave": [
    null,
    null
  ],
  "12220 SE Division St": [
    45.5040061,
    -122.5373307
  ],
  "1130 SE Morrison St": [
    45.516844,
    -122.6544305
  ],
  "7330 SE Foster Rd": [
    45.4855889,
    -122.5874714
  ],
  "10450 SW Barbur Blvd": [
    45.449905,
    -122.7276304
  ],
  "1701 SW Water Ave": [
    45.4901706,
    -122.6770327
  ],
  "Central Eastside URA (TBD)": [
    null,
    null
  ],
  "2230 SE 11th Ave": [
    45.5069523,
    -122.6546089
  ],
  "875 NE 27th Ave": [
    45.5290349,
    -122.6384703
  ],
  "2605 NE 7th Ave": [
    45.5413978,
    -122.6587128
  ],
  "8325 N Hereford Ave": [
    45.5842037,
    -122.7209441
  ],
  "3336 SE Belmont St": [
    45.5163361,
    -122.630119
  ],
  "2135 NW 24th Ave": [
    45.5378707,
    -122.7010569
  ],
  "2525 E Burnside St": [
    45.5230748,
    -122.6398659
  ],
  "1239 NE Halsey St": [
    45.5336894,
    -122.6531728
  ],
  "5030 SE Powell Blvd": [
    45.4974157,
    -122.6110428
  ],
  "2920 NE Oregon St": [
    45.5285202,
    -122.635488
  ],
  "5050 N Interstate Ave": [
    45.5593539,
    -122.6819273
  ],
  "N Williams Ave (scattered)": [
    null,
    null
  ],
  "1621 SW Alder St": [
    45.5224439,
    -122.6880465
  ],
  "1075 SW 11th Ave": [
    45.5220818,
    -122.6821629
  ],
  "728 SW Park Ave": [
    45.5226154,
    -122.6790815
  ],
  "3534 N Williams Ave": [
    45.5485562,
    -122.6665736
  ],
  "5020 SE Division St": [
    45.5051642,
    -122.6106763
  ],
  "3300 SE Belmont St": [
    45.5163518,
    -122.630826
  ],
  "1601 SE Tacoma St": [
    45.464397,
    -122.648845
  ],
  "8025 SE Stark St": [
    45.519226,
    -122.5811416
  ],
  "8145 SE Division St": [
    45.5049934,
    -122.579243
  ],
  "SW 4th Ave & W Burnside (TBD)": [
    null,
    null
  ],
  "SE 102nd Ave & SE Stark St (TBD)": [
    null,
    null
  ],
  "18710 E Burnside St": [
    45.5227473,
    -122.5619482
  ],
  "10000 SW Barbur Blvd": [
    45.452929,
    -122.7217567
  ],
  "TBD (East Portland)": [
    null,
    null
  ],
  "TBD (North Portland)": [
    null,
    null
  ]
}